<?xml version="1.0" encoding="UTF-8"?>
<project-private xmlns="http://www.netbeans.org/ns/project-private/1">
    <editor-bookmarks xmlns="http://www.netbeans.org/ns/editor-bookmarks/2" lastBookmarkId="0"/>
    <open-files xmlns="http://www.netbeans.org/ns/projectui-open-files/2">
        <group>
            <file>file:/C:/Users/dayan/OneDrive/Área%20de%20Trabalho/Prog.%20Comp/Mercado/src/main/Run.java</file>
            <file>file:/C:/Users/dayan/OneDrive/Área%20de%20Trabalho/Prog.%20Comp/Mercado/src/model/Produto.java</file>
            <file>file:/C:/Users/dayan/OneDrive/Área%20de%20Trabalho/Prog.%20Comp/Mercado/src/table/ProdutoTableModel.java</file>
            <file>file:/C:/Users/dayan/OneDrive/Área%20de%20Trabalho/Prog.%20Comp/Mercado/src/view/ProdutoView.java</file>
            <file>file:/C:/Users/dayan/OneDrive/Área%20de%20Trabalho/Prog.%20Comp/Mercado/src/dao/ConnectionFactory.java</file>
            <file>file:/C:/Users/dayan/OneDrive/Área%20de%20Trabalho/Prog.%20Comp/Mercado/src/dao/ProdutoDAO.java</file>
        </group>
    </open-files>
</project-private>
